{
  "BLEU-1": 0.5466916142201055,
  "BLEU-2": 0.45198338281599637,
  "BLEU-3": 0.3899880796953503,
  "BLEU-4": 0.3431559761344488,
  "ROUGE-L": 0.5839565304147974,
  "CIDEr": 12.114861799686588,
  "SPICE": 0.25,
  "METEOR": 0.5963994331661024,
  "Num-METEOR": 0.5963994331661024,
  "Numerical-Accuracy": 0.9001768346595933,
  "Number-Word-Accuracy": 0.8852785145888594,
  "Count-MAE": 0.18169446289539337
}